customer_id,timestamp,amount,transaction_type,merchant,description,category,confidence,location,balance,anomaly_score,anomaly_reasons,review_status
CUST001,2026-07-12 10:00:00,65000,CREDIT,Employer,salary credit,Income,0.91,Bengaluru,157000.0,0.04,,OPEN
CUST001,2026-07-14 10:00:00,18000,DEBIT,Green Homes,monthly rent,Housing,0.91,Bengaluru,139000.0,0.04,,OPEN
CUST001,2026-07-16 10:00:00,460,DEBIT,Swiggy,swiggy food order,Food,0.91,Bengaluru,138540.0,0.04,,OPEN
CUST001,2026-07-18 10:00:00,1250,DEBIT,Amazon,amazon pay shopping,Shopping,0.91,Bengaluru,137290.0,0.04,,OPEN
CUST001,2026-07-20 10:00:00,2100,DEBIT,HPCL,hpcl fuel,Transport,0.91,Bengaluru,135190.0,0.04,,OPEN
CUST001,2026-07-22 10:00:00,649,DEBIT,Netflix,netflix subscription,Entertainment,0.91,Bengaluru,134541.0,0.04,,OPEN
CUST001,2026-07-24 10:00:00,1300,DEBIT,BESCOM,electricity bill,Utilities,0.91,Bengaluru,133241.0,0.04,,OPEN
CUST001,2026-07-26 10:00:00,1800,DEBIT,Rahul,upi transfer,Transfer,0.91,Bengaluru,131441.0,0.04,,OPEN
CUST001,2026-08-11 10:00:00,65000,CREDIT,Employer,salary credit,Income,0.91,Bengaluru,196441.0,0.04,,OPEN
CUST001,2026-08-13 10:00:00,18000,DEBIT,Green Homes,monthly rent,Housing,0.91,Bengaluru,178441.0,0.04,,OPEN
CUST001,2026-08-15 10:00:00,561.1999999999999,DEBIT,Swiggy,swiggy food order,Food,0.91,Bengaluru,177879.8,0.04,,OPEN
CUST001,2026-08-17 10:00:00,1250,DEBIT,Amazon,amazon pay shopping,Shopping,0.91,Bengaluru,176629.8,0.04,,OPEN
CUST001,2026-08-19 10:00:00,2100,DEBIT,HPCL,hpcl fuel,Transport,0.91,Bengaluru,174529.8,0.04,,OPEN
CUST001,2026-08-21 10:00:00,649,DEBIT,Netflix,netflix subscription,Entertainment,0.91,Bengaluru,173880.8,0.04,,OPEN
CUST001,2026-08-23 10:00:00,1300,DEBIT,BESCOM,electricity bill,Utilities,0.91,Bengaluru,172580.8,0.04,,OPEN
CUST001,2026-08-25 10:00:00,1800,DEBIT,Rahul,upi transfer,Transfer,0.91,Bengaluru,170780.8,0.04,,OPEN
CUST001,2026-09-10 10:00:00,65000,CREDIT,Employer,salary credit,Income,0.91,Bengaluru,235780.8,0.04,,OPEN
CUST001,2026-09-12 10:00:00,18000,DEBIT,Green Homes,monthly rent,Housing,0.91,Bengaluru,217780.8,0.04,,OPEN
CUST001,2026-09-14 10:00:00,460,DEBIT,Swiggy,swiggy food order,Food,0.91,Bengaluru,217320.8,0.04,,OPEN
CUST001,2026-09-16 10:00:00,1250,DEBIT,Amazon,amazon pay shopping,Shopping,0.91,Bengaluru,216070.8,0.04,,OPEN
CUST001,2026-09-18 10:00:00,2100,DEBIT,HPCL,hpcl fuel,Transport,0.91,Bengaluru,213970.8,0.04,,OPEN
CUST001,2026-09-20 10:00:00,649,DEBIT,Netflix,netflix subscription,Entertainment,0.91,Bengaluru,213321.8,0.04,,OPEN
CUST001,2026-09-22 10:00:00,1300,DEBIT,BESCOM,electricity bill,Utilities,0.91,Bengaluru,212021.8,0.04,,OPEN
CUST001,2026-09-24 10:00:00,1800,DEBIT,Rahul,upi transfer,Transfer,0.91,Bengaluru,210221.8,0.04,,OPEN
CUST001,2026-09-08 02:00:00,38500,DEBIT,New Recipient,upi transfer,Transfer,0.93,Mumbai,171721.8,0.91,Amount is substantially above normal transfer range; New recipient; Occurred outside normal active hours; New location,OPEN
